1,VZA9Jy3,cpadilla0,wheaker0@yellowbook.com,2017-08-26
2,Vz3qM41BO2,ckulas1,apleass1@typepad.com,2017-06-05
3,MA36soDtL,tdillinger2,jhammerberger2@plala.or.jp,2017-10-31
4,E4IN2KE,jpetrolli3,cneeds3@craigslist.org,2017-08-05
5,FSx5YeE3epo,splank4,hericssen4@imgur.com,2017-07-30
6,KTEZhjzsU,cesom5,csoutherill5@google.co.uk,2017-05-19
7,x2Y83n,spirri6,ggookes6@tiny.cc,2017-06-07
8,NwRxWtFM7,hbeckson7,bheyns7@unicef.org,2017-02-06
9,DlU3s76jov,vdwelly8,ivowles8@vk.com,2017-01-05
10,U46imgopZ,ahutchison9,lverry9@t.co,2017-09-17
11,fZBOAm4yTaI,lfibbensa,vgarleea@smh.com.au,2017-01-03
12,FP2gTo,nfulkesb,fhailstonb@live.com,2017-08-23
13,fmvs7Rt,pplumleyc,avallentinc@homestead.com,2017-04-25
14,5m15eLjL,dkighlyd,jtongd@umn.edu,2017-10-20
15,dBfS8EJH1,nfenteme,tplincke@wordpress.com,2017-04-28
16,vj4T4PkOp,rnafzigerf,dtrenholmf@1688.com,2017-04-15
17,sDr21jFJM,jmizeng,hstlegerg@constantcontact.com,2017-11-16
18,ZgjvcXZ2xJf,cscurmanh,kbirrelh@blog.com,2017-03-12
19,Irew8hfpyCma,pclerkei,csamsi@arstechnica.com,2016-12-24
20,eVU6Af,jwaycotj,edavysj@tripadvisor.com,2016-12-19
21,Ahx21wrbs,mthompstonek,jruddink@elpais.com,2016-12-09
22,lWigQniC,bcantrelll,fjantotl@dedecms.com,2017-09-14
23,BaPDeJCnG6Xb,salekseicikm,otankinm@amazon.co.uk,2017-03-21
24,EjsEaYNL,ehymorn,kwauchopen@ucla.edu,2017-02-27
25,kVqeta90,hstartino,lvidineevo@dailymotion.com,2017-10-15
26,Qmh9K8S,pstutep,ddunnawayp@google.co.uk,2017-01-31
27,xOfK0YTk,ccadgeq,eferrieroiq@pagesperso-orange.fr,2017-11-14
28,wmA7JEKw,eserrierr,eneamer@t-online.de,2017-11-22
29,ZCxAlue4KBch,iwoolfordes,dgossans@google.co.jp,2017-04-25
30,ztVBNTwy2vuw,esatchellt,atimbridget@multiply.com,2017-04-21
31,i6I4fSeEDyY,cdevillieru,jvangeffenu@rediff.com,2017-01-14
32,TBoJubPOeh,glopesv,dphilipv@usda.gov,2016-12-15
33,NDBOpiu,ahindesw,jfokerw@delicious.com,2017-01-22
34,x5nPYF,hciannix,grevittx@github.com,2017-01-30
35,Hh1BDu,lroddicky,jhaggetty@scientificamerican.com,2017-05-31
36,iqoba0g1BB,aocurriganz,kexeterz@icq.com,2016-12-29
37,9P5ouDTJZf4X,kbuessen10,tchaunce10@scribd.com,2016-12-03
38,m1iSexT3m7W,ncescoti11,nscourfield11@photobucket.com,2017-03-14
39,UEodLBJko9oD,gmcgillivrie12,gbrayn12@issuu.com,2017-05-26
40,4FfAZmiNGrEI,ggustus13,mlaughtisse13@wunderground.com,2017-05-27
41,LMCIhVryWyOc,bpurchase14,cstedell14@qq.com,2017-05-22
42,RKPHLmucm,lhellewell15,emaccree15@tumblr.com,2017-09-07
43,MamGKRPH,bgoldthorp16,aclac16@dmoz.org,2017-03-15
44,yrPbZLTHDvv,wbenezet17,nkitchin17@wp.com,2016-12-22
45,oTXZWDcxErqc,smatyushkin18,cducroe18@friendfeed.com,2016-12-23
46,dw7joe8,jmcgall19,cgerler19@phoca.cz,2017-05-14
47,PutgnRaSCC,jdunderdale1a,ariatt1a@e-recht24.de,2017-04-12
48,8o6ABpzXc,emalloy1b,upettendrich1b@guardian.co.uk,2017-11-20
49,5sFH19XmmR7,syven1c,rmccraine1c@virginia.edu,2017-01-15
50,HAG6SGu,rmacilhagga1d,ssaiger1d@nba.com,2017-11-18
51,nBKu2Uk3p4ro,dwesthofer1e,ptull1e@hugedomains.com,2017-10-22
52,RkkGKoD,qtschierse1f,myurkevich1f@github.com,2017-01-07
53,J5DUchqJOtlB,ddownage1g,twathell1g@rambler.ru,2017-03-01
54,g8VIGzPGJdBN,gguidini1h,bbrion1h@vk.com,2017-05-24
55,6aw1pC,smcmaster1i,idislee1i@reddit.com,2017-08-01
56,sDhwevSQsht,pdunlop1j,dyerrill1j@cdc.gov,2017-04-26
57,PZgI9sZnj6zA,nmaleham1k,gathy1k@howstuffworks.com,2017-11-27
58,zkDMODSkz,ddobble1l,druttgers1l@edublogs.org,2017-04-05
59,Ezsqtw,dbyres1m,xlassen1m@yahoo.co.jp,2017-11-01
60,w5Ejh60cGw,mpierrepont1n,msimpkiss1n@alexa.com,2017-09-04
61,66VaoQh,mgilliver1o,kschiesterl1o@cbc.ca,2017-03-05
62,yPNaE3JY2,fhabershaw1p,spundy1p@go.com,2017-06-11
63,R5fpKOzBZ7x,achalfain1q,esiddell1q@uiuc.edu,2017-08-29
64,q2PvTT,akreber1r,tgordge1r@icio.us,2017-04-30
65,yKSRHb2s,gjacobovitch1s,tflacknell1s@webeden.co.uk,2017-09-26
66,u0ngffhHKp,hkermode1t,stook1t@economist.com,2017-09-02
67,0Elq4zaiDoyp,mhulcoop1u,tbartusek1u@patch.com,2017-11-16
68,JHurpNNyQ7,dbreslauer1v,mbullant1v@imgur.com,2017-03-05
69,U5xzIUKG,aoquin1w,bbutchard1w@arstechnica.com,2017-07-30
70,EdZgtzFa,glabba1x,swetherald1x@behance.net,2017-04-02
71,uWMpKRHp1,elovick1y,ylegallo1y@printfriendly.com,2016-12-03
72,z6Clt3dZ4tC,rdevaney1z,tcoverly1z@mysql.com,2017-11-19
73,yiQVgo8Da,boshields20,wcleveland20@salon.com,2017-05-25
74,ueBnTzc7wJo,rcarah21,dvanmerwe21@google.co.jp,2016-12-06
75,ryo6nx2HTFb,lmiddiff22,bburgher22@theatlantic.com,2017-05-08
76,aJXIKqZWM,jcalf23,jsynnott23@cbslocal.com,2016-12-13
77,HVYKxYvfwpiS,ccossell24,llightwing24@cdbaby.com,2017-09-24
78,p2tZIf,csunners25,kpeare25@cornell.edu,2017-11-11
79,ayHdSKd,kjon26,zdowney26@mac.com,2017-08-13
80,bcBobVNoTS,mjostan27,rlassell27@angelfire.com,2017-09-30
81,anhvf3YCf,gfrancis28,kerrichi28@google.co.uk,2016-12-09
82,cK2qWdZoA8fP,ehallows29,egiovanetti29@fotki.com,2017-11-10
83,Nxut3DhJOM2,mstove2a,mdorton2a@rambler.ru,2016-12-20
84,JnXHq30,vburdett2b,eimesen2b@engadget.com,2017-01-02
85,zQhIaFIv0ML,gmacgillespie2c,dcleobury2c@cnn.com,2017-04-21
86,Xch52zB4zk,ebegley2d,rpacht2d@sbwire.com,2017-07-26
87,vCumd51,kcockrem2e,lmcchesney2e@dmoz.org,2017-08-25
88,xABFyf40,mspaducci2f,tamoore2f@quantcast.com,2017-09-12
89,TYGlhi0y0E,hammer2g,dlippiett2g@gov.uk,2017-03-11
90,UjOPyPsb,eackermann2h,jchadburn2h@dmoz.org,2017-03-15
91,d1w3ekaR,lgovini2i,ekramer2i@boston.com,2017-03-15
92,IwPi3UNx,rdecent2j,kwaldram2j@usgs.gov,2017-01-19
93,etTxGfVo,abarrowclough2k,cbentham2k@elegantthemes.com,2017-04-23
94,5Y4mYg3,msnashall2l,erogger2l@stanford.edu,2017-08-27
95,3jLageQL,aaiston2m,jbagott2m@huffingtonpost.com,2017-04-05
96,Ryj46RV2B,jspadeck2n,dficken2n@yahoo.co.jp,2017-05-02
97,79zIATu6aM,holiphant2o,tbacke2o@phoca.cz,2017-10-14
98,3lp3uu0d,alening2p,pechallie2p@bravesites.com,2017-04-26
99,FOzTx19,mfolks2q,phulk2q@imageshack.us,2016-12-25
100,D7iLHVC,rwinfred2r,ekretchmer2r@last.fm,2017-09-14
101,DbDh6Qh3,llabb2s,kemilien2s@printfriendly.com,2017-05-27
102,sEsdD1MHZX,krann2t,cmattheis2t@trellian.com,2017-11-24
103,2xQEsCfV0Bf,ahendrichs2u,kbatterson2u@ibm.com,2017-10-19
104,1W7SpHr6Lo,kcheng2v,mpoter2v@1688.com,2017-08-16
105,X5mscWr,fmarkham2w,wluscombe2w@weather.com,2017-10-03
106,F2DD4CwJd,acolliss2x,ibeynke2x@spotify.com,2017-01-03
107,RpMy0FWvG9,ttarrant2y,opurse2y@google.com.hk,2017-07-19
108,dPd3OyvG,saronstam2z,jlevane2z@cocolog-nifty.com,2017-09-24
109,E7ChxZu5,rhardbattle30,pkinsey30@a8.net,2017-04-22
110,yxU20Q,broughan31,abanaszkiewicz31@ed.gov,2017-10-02
111,PeDA5N,cholleran32,hghiron32@prnewswire.com,2017-09-11
112,tJf9bGvn,kcharlton33,jsouza33@xinhuanet.com,2017-07-05
113,530WDsDpDdZ,sslaughter34,lgossage34@disqus.com,2016-12-27
114,MsnyIdWVGOfO,tgavagan35,cwylie35@purevolume.com,2017-01-31
115,LsX7vGbV,dlefrank36,olennon36@paginegialle.it,2017-10-05
116,GqPITRUTH,mmaccallister37,tfullerton37@msu.edu,2017-05-19
117,ZTpi0iwav,drichfield38,wmeconi38@home.pl,2017-11-02
118,me7QRI0bGk,hheynel39,vspoole39@google.cn,2017-05-07
119,A30hq63Kk1Kh,mraxworthy3a,elavall3a@skyrock.com,2017-02-21
120,JbUx3CIovEw,tbraunlein3b,pblanch3b@hexun.com,2017-04-28
121,7Y1p49Fr,umatticci3c,llartice3c@typepad.com,2017-10-09
122,bjCXOtUMD,dgonneau3d,lcaffin3d@princeton.edu,2017-07-12
123,bj2gklM,rcanete3e,fgeggus3e@networksolutions.com,2017-05-01
124,P230OY7ni,twrefford3f,egatsby3f@cloudflare.com,2017-05-10
125,luX1YqphXJ,mdoiley3g,bsuggitt3g@craigslist.org,2017-02-16
126,EQ4z1em2,hwaddilow3h,normiston3h@yelp.com,2017-07-20
127,LZ4O8JFgCd47,ctierny3i,bbrumpton3i@dmoz.org,2017-03-29
128,P4vAAZJ3VcP,ehebbard3j,cbruyntjes3j@wsj.com,2017-09-07
129,V9cnTbmVDu,iduiged3k,nplumtree3k@barnesandnoble.com,2017-01-29
130,KRppPIdLjIn,mlissimore3l,afaint3l@lulu.com,2017-04-05
131,4zNkQ34TlQ,gklimowski3m,gdamsell3m@google.pl,2017-02-28
132,uOrCnzkMj,bluebbert3n,bbane3n@canalblog.com,2017-02-12
133,IENPfioZA4,cmeagh3o,jsavery3o@miitbeian.gov.cn,2017-03-15
134,Q2THYGm,kwarratt3p,mwiffield3p@t.co,2017-05-02
135,ZbNU44Y,fsaggs3q,gbill3q@gizmodo.com,2017-06-13
136,eM1MMB,bocannan3r,pwhybrow3r@go.com,2016-12-30
137,cUsptESUS,rogiany3s,sfeehan3s@virginia.edu,2016-12-19
138,ZXnns6BTZjp,msafont3t,fkerfoot3t@live.com,2017-11-07
139,JxIbvbqMU,jvannini3u,mmcguiney3u@google.it,2017-08-16
140,jnYXzJn,ohemphrey3v,rtimmens3v@dropbox.com,2017-01-26
141,2Hl0RzJt,jkeelin3w,dmetzel3w@joomla.org,2017-08-15
142,UGdpII,mcarren3x,kstieger3x@plala.or.jp,2017-03-09
143,86TH7m8g,mcotgrove3y,bhafford3y@archive.org,2017-10-08
144,5Cf8L8,jhalms3z,ldurnin3z@rakuten.co.jp,2017-07-04
145,zBxO6ctQ,rmurkitt40,ayerlett40@linkedin.com,2017-06-30
146,73ESTkrON,jmilier41,cskingley41@cdc.gov,2017-11-07
147,U9jSGTS,kelloy42,egallymore42@ucla.edu,2017-04-22
148,w2Jkol,rdovidian43,dlandy43@theatlantic.com,2017-08-20
149,K7nnM4lHApO,bsurmon44,cnunn44@cyberchimps.com,2017-05-17
150,Oo2EgL05oJxw,tbeat45,kgaish45@sogou.com,2017-10-31
151,vIsPyEghCegw,snottram46,dbernardeau46@bravesites.com,2017-08-08
152,F549cCfBf,bwillcox47,ailem47@businessinsider.com,2017-03-05
153,ODl6xP4EF,awinger48,mhalbeard48@csmonitor.com,2017-08-07
154,4bZb5K5,mhuffey49,dshardlow49@ebay.com,2017-11-23
155,uQrH3a2jh,kelderton4a,nlamshead4a@google.com.au,2017-04-21
156,P6WTqoWD4aQ,crichardt4b,lgadie4b@imageshack.us,2017-10-28
157,Qr7SAaG7a,lklamp4c,mcady4c@odnoklassniki.ru,2017-04-06
158,xYW2yR,clightbody4d,ccrips4d@springer.com,2017-08-12
159,yfEpzO,ssturror4e,psmissen4e@cornell.edu,2017-11-10
160,YeHbVh,kroake4f,jhollidge4f@umn.edu,2017-07-01
161,HhtsDYsx1m,tlarmuth4g,cloveredge4g@booking.com,2017-02-08
162,KHxvOoOghOV,cbrumfitt4h,zsextone4h@unicef.org,2017-06-20
163,HvkXSelYGd,lderwin4i,mbending4i@lycos.com,2017-01-08
164,8XqBvJwM,kcheke4j,kmower4j@disqus.com,2017-03-29
165,UoBb9Az,manderer4k,rroseveare4k@hc360.com,2017-09-05
166,kAFkRp,ddelisle4l,tratnege4l@nationalgeographic.com,2017-09-27
167,Hrj3z6y,nkivlehan4m,sbarneveld4m@goodreads.com,2016-12-14
168,nMvvjdnp,cpenrith4n,bboyde4n@networksolutions.com,2017-05-05
169,fBdpQA,mspearett4o,tgut4o@sourceforge.net,2017-05-10
170,bvwvfkcX,jgian4p,cduplock4p@ifeng.com,2017-09-11
171,VszV1eX1,kopdenort4q,espilisy4q@blogs.com,2017-05-30
172,nXQpGEeu6AjF,gverduin4r,mellwand4r@tinyurl.com,2017-07-28
173,bptzaIyHyZCc,ebadini4s,mwastall4s@example.com,2017-07-27
174,K4cIsbiVY,mbarbier4t,imeneyer4t@phpbb.com,2017-10-06
175,jkSjXk,lsaban4u,cashburne4u@nyu.edu,2017-01-20
176,ugynSDjxE,nbauckham4v,ttraves4v@upenn.edu,2017-07-29
177,mX6Ht8CM,lspoors4w,jcordsen4w@timesonline.co.uk,2017-05-22
178,dpAQww8,ashrieves4x,lfryer4x@weebly.com,2017-05-19
179,yPJq4KhCgJlQ,rbennellick4y,tmathwen4y@wisc.edu,2017-04-27
180,wuocnX4,sfranseco4z,marbuckle4z@cocolog-nifty.com,2017-01-22
181,qtBYip,chourihane50,hshellum50@vimeo.com,2017-10-21
182,1NjPrjUuHJ,enewlands51,dprestie51@uol.com.br,2017-07-21
183,sES5C1M,sdyball52,teayres52@usatoday.com,2017-04-06
184,3yZDqC8Y,nmcdool53,cjugging53@uol.com.br,2017-04-27
185,iyI4Bx9mi13Z,sflahive54,jmandel54@cbc.ca,2017-08-06
186,WQ4KLsbW,bsantry55,sgammon55@friendfeed.com,2017-08-30
187,01LN1rfMDDQ,hhearfield56,cangrove56@wikimedia.org,2017-07-22
188,GojLfI5TVb,dferencowicz57,momoylan57@google.com,2017-02-01
189,T1TSlazTQE,kseleway58,ebras58@timesonline.co.uk,2017-05-23
190,UKyZdhD,sconibear59,cceresa59@un.org,2017-05-11
191,W3CIUkTUnfs2,otite5a,ibagehot5a@earthlink.net,2017-02-10
192,FtLTrEk89d,jmanville5b,ssallows5b@springer.com,2017-10-05
193,bSwdKTHDi,showkins5c,bgruczka5c@cpanel.net,2017-01-29
194,gyba53V0Y7Ov,gtue5d,gcopnell5d@dailymotion.com,2017-07-16
195,DTDFP7L9SZh,kwallege5e,dhairs5e@wix.com,2017-10-19
196,Ow88AGWb,abarter5f,ssleany5f@desdev.cn,2017-11-28
197,ceVa148A,oantoniak5g,asivorn5g@cdbaby.com,2017-07-23
198,wMu37FCCKKy8,eseton5h,gmasdin5h@telegraph.co.uk,2017-10-25
199,gQqLTMI0u,jturner5i,abrasner5i@whitehouse.gov,2017-09-13
200,NhRlchX,kpollicatt5j,csimnor5j@imgur.com,2017-11-19
201,uAs2h8lh,kscandrite5k,jchadderton5k@purevolume.com,2017-09-28
202,Ca08wtlj9D,glowfill5l,icodeman5l@dailymotion.com,2017-11-14
203,BWjzsqTmx,jdelepine5m,fwooffitt5m@icq.com,2017-06-16
204,yMooClL,etribe5n,obilston5n@jimdo.com,2017-02-09
205,VG1qu13wuz,twoolaston5o,qdreinan5o@ca.gov,2017-05-22
206,N3xVf0e7ylsL,sknights5p,hjacquemard5p@weather.com,2017-04-15
207,sbxJ9S,bmountstephen5q,rgooday5q@booking.com,2017-10-09
208,vTIg1W9aBj,hvedstra5r,sdavidovich5r@ca.gov,2017-04-03
209,LcA6WiC,bmccomish5s,eculp5s@digg.com,2017-05-07
210,6OPq5kGMf,ahellicar5t,wpierucci5t@google.com.au,2017-01-12
211,8kJJLSEpbFE,beveritt5u,bgemlbett5u@bloglines.com,2017-10-23
212,WtahDB,helvidge5v,kpettko5v@mac.com,2017-04-17
213,sY4FSCW48,ccoleford5w,rboerderman5w@blinklist.com,2017-11-01
214,2dKCuB1qGovt,jgeall5x,hcamelli5x@youtu.be,2017-11-17
215,mbgC56,gfransoni5y,dclarricoates5y@buzzfeed.com,2017-09-10
216,L2ssrBxkzR,amclenaghan5z,dhargate5z@t-online.de,2017-03-02
217,f62QkFApK,selbourn60,djankovsky60@scientificamerican.com,2017-05-12
218,gsG0Jf7E9W,raylen61,ttindle61@geocities.jp,2017-01-07
219,Wbpg5U,rlouisot62,sasling62@google.ca,2017-02-09
220,u5hIsN5,csouthan63,veccles63@tiny.cc,2017-07-26
221,tUALfX72Iyd,fsalack64,wtrudgeon64@epa.gov,2017-06-30
222,vsr5u9,wdoreward65,spoter65@yelp.com,2017-08-14
223,X68feluj,icenter66,bkliment66@squarespace.com,2017-05-01
224,wAxUkww4z,fbiggadike67,whenden67@wix.com,2017-04-07
225,57Ur5JlX,bwyllie68,cfeldbau68@ucla.edu,2017-08-23
226,RqCy9il,emccrossan69,gfriday69@moonfruit.com,2016-12-02
227,neokjQ,kvowell6a,adikelin6a@devhub.com,2017-06-08
228,GcyqpMdY,emaidment6b,mbradder6b@tmall.com,2017-06-13
229,LbQdamgEnW,metter6c,jbyers6c@nyu.edu,2017-10-14
230,HhPbjZgNCnwd,mwraighte6d,dworsom6d@oracle.com,2017-05-25
231,3KivsOuud,gsabatier6e,pdibsdale6e@gov.uk,2017-06-14
232,nWOgccpGOdWb,glyffe6f,dhalden6f@wikispaces.com,2017-05-30
233,wjZFkR7vQ,atrymme6g,odryden6g@hud.gov,2017-11-18
234,qH3qThkH5HZ3,gdoerren6h,tteggin6h@surveymonkey.com,2017-07-18
235,o63IjCDqK,cewbanke6i,dkibbel6i@qq.com,2017-02-26
236,ad8QaAyW6,msorley6j,cdudding6j@epa.gov,2017-05-09
237,lAPuDrfyZ,thulbert6k,mmuddiman6k@lulu.com,2017-09-27
238,wbT2HQ6kgtIQ,gcamings6l,pgeggus6l@scribd.com,2017-10-04
239,btHxIy6RywJa,ewhieldon6m,zbatcheldor6m@state.tx.us,2017-11-03
240,ijvpc6Qu3,wpitsall6n,twabe6n@archive.org,2017-11-29
241,pH8j5Zc4Ms,hgatfield6o,cpautot6o@seattletimes.com,2017-01-20
242,CGWPOVWsehN3,gbrehat6p,bbasnett6p@oracle.com,2017-10-07
243,lRMut6iiWt,mivanin6q,lstilling6q@liveinternet.ru,2017-11-01
244,BDi1jrnAOKDI,rshepeard6r,lizacenko6r@blogspot.com,2017-09-22
245,PkeBmhSPMj9,sgaunson6s,mhiskey6s@purevolume.com,2017-06-03
246,9v2KCbh3OcJg,pbatty6t,cwebborn6t@abc.net.au,2017-05-18
247,0yADLjZxnT52,esaulter6u,mhyndson6u@usnews.com,2017-06-02
248,FpYWF7WPr2J,lsnell6v,mweekley6v@quantcast.com,2017-04-13
249,wydtQkU4,adomenget6w,agusticke6w@ed.gov,2017-02-08
250,yBeoxCI77L7,jgolightly6x,jstubbes6x@facebook.com,2017-09-08
251,J8ss1s,mboreham6y,rwhittall6y@alibaba.com,2017-09-05
252,CR4x4w,acurr6z,dblazdell6z@shareasale.com,2017-03-22
253,HfZMd7A,swillsmore70,tscotchmore70@chronoengine.com,2017-07-31
254,n8lGLbW,nkelsell71,smotton71@ucoz.ru,2017-09-02
255,oNVweydUsr,tscotchbourouge72,agosling72@artisteer.com,2017-03-09
256,RZVcnz,hdanilchenko73,lcrees73@google.com.br,2017-09-08
257,gfEy05ra,kbuckmaster74,jtrudgian74@paypal.com,2017-04-13
258,pPOBw2E,cfreak75,tdeambrosi75@canalblog.com,2017-08-06
259,9NaSKti,espurrior76,pmemmory76@rediff.com,2017-02-04
260,XbN3OThD0,rmaclachlan77,clehon77@shinystat.com,2017-11-08
261,nH4sIpL,esmolan78,gmccowen78@lulu.com,2017-08-24
262,ey0BfPJ,oblemen79,bnorthing79@cpanel.net,2017-05-13
263,6IeNoBiRo,mrobker7a,rbrockett7a@cargocollective.com,2017-11-10
264,uj5xd957cZNi,jballendine7b,pshawyers7b@hexun.com,2017-01-08
265,aTMSvwcRWoE,dmacclancey7c,smarchetti7c@theguardian.com,2017-10-02
266,TiJOD3AQtzO,rkensit7d,rmash7d@redcross.org,2017-10-30
267,ez6jraq5,lcrocombe7e,lcrombie7e@github.io,2017-05-09
268,cDBBEaxON,lgieraths7f,hlovekin7f@chronoengine.com,2016-12-24
269,4Lfo9Ut,jpeskin7g,lmcguirk7g@photobucket.com,2017-07-06
270,Ongb7GnAVzA,jmaccarlich7h,lgomery7h@over-blog.com,2017-06-08
271,10Ae4CSvta,smoorman7i,jlemaitre7i@omniture.com,2017-03-13
272,u3SbyU,kclavey7j,ctowl7j@constantcontact.com,2017-03-31
273,nVO6v05WOD,hpougher7k,lcorballis7k@example.com,2017-04-13
274,lCiEphiyr,nellis7l,dgurys7l@google.es,2016-12-16
275,Wlm3Gt7AbQ,rsorey7m,bollerearnshaw7m@de.vu,2017-11-26
276,vWDqsfvuoC1f,pcarlaw7n,oensley7n@psu.edu,2017-11-24
277,Mj8gJaC,eparsonage7o,ecuckson7o@bandcamp.com,2017-10-27
278,RwAaf94k3FJF,lgready7p,mtownley7p@dailymotion.com,2017-01-17
279,gRex9lEhCDE,mjeandillou7q,bsurgeon7q@wikia.com,2017-03-15
280,Nk9dLYyx,kshotter7r,ndaysh7r@princeton.edu,2017-05-08
281,Om2Q0e6,mfranklyn7s,mfreeland7s@foxnews.com,2017-06-20
282,whCaF6c,dpitrasso7t,kbuttress7t@bbb.org,2017-01-04
283,IUM5rM,cbanville7u,esumbler7u@tiny.cc,2017-01-03
284,gN829r,bstraker7v,cmcneigh7v@youtube.com,2017-06-27
285,AYKfXEeUYyr,emalcolm7w,tpulham7w@google.com.br,2017-09-27
286,ypn1PuX0,abartoszinski7x,mandreacci7x@canalblog.com,2017-08-01
287,HDZztEwV6,jclines7y,csarver7y@vistaprint.com,2017-04-22
288,8c0AQjfq7xh,mfonzo7z,aweeden7z@cisco.com,2017-08-02
289,dU8xaWRSeeB,blitton80,sflaune80@t-online.de,2017-06-11
290,jJDPUTNzk1fw,aberkowitz81,mforo81@amazonaws.com,2017-04-01
291,5gyLrRyTOj3,npenning82,gchater82@usa.gov,2017-07-26
292,LyREuLVxSWpL,cratley83,cesby83@icq.com,2017-07-26
293,KU3Tf0i7bEGm,eclingoe84,kshearsby84@geocities.jp,2017-10-06
294,2tqSDvqop2,cbeams85,kargo85@nationalgeographic.com,2017-04-23
295,HxPWAGA,ogowrie86,dfawke86@telegraph.co.uk,2017-11-29
296,G9z6hMaQ,iwholesworth87,dmacenzy87@technorati.com,2017-05-05
297,D8du7sJ2NBj,bhamsley88,oanney88@fastcompany.com,2017-03-24
298,YHImrvX,asmallcomb89,dhurcombe89@state.gov,2017-03-25
299,YXsaWM4aSeS,bvelde8a,iwooler8a@theatlantic.com,2017-09-06
300,aFKOIOej,hdrury8b,hgartshore8b@apache.org,2016-12-16
301,Fcl8Qw,cguichard8c,lcase8c@1688.com,2017-10-25
302,6lVNRDy,fscheffel8d,bcicco8d@sciencedirect.com,2017-01-02
303,bKFPfdBOj,sruecastle8e,thaydock8e@so-net.ne.jp,2017-11-29
304,ZEbx69U,khardy8f,relen8f@abc.net.au,2017-03-11
305,Qs0tg6VPSA,jredington8g,tgallety8g@mozilla.com,2017-06-17
306,iB990rEuTKQ,mpalfery8h,agaliford8h@apache.org,2017-08-16
307,PFJCIzQ7,jwhittle8i,djirka8i@vimeo.com,2017-06-11
308,YwXfAY,efipp8j,solligan8j@ebay.com,2017-11-12
309,OEGIbO,agannan8k,kvaggs8k@cdc.gov,2017-04-12
310,BYFPZjCEe75v,jlittley8l,iashbolt8l@gov.uk,2017-08-21
311,BZtF4l17av,bgianiello8m,mwrey8m@businesswire.com,2017-05-09
312,LF6dBU,ddinehart8n,sastbery8n@yale.edu,2017-09-01
313,ygnd1AtAI,cfliege8o,waizikov8o@discuz.net,2017-02-05
314,O10kQDydx5K,ahackworth8p,blightbowne8p@theatlantic.com,2017-11-23
315,zUyuEI,cfeely8q,azanettini8q@1688.com,2017-07-11
316,EHlzRoF,rbetser8r,ksplevin8r@goodreads.com,2017-02-18
317,VwyQF5o3WBeH,mtytler8s,swignall8s@merriam-webster.com,2017-04-02
318,yqyQNfwDuV,mskipton8t,causton8t@accuweather.com,2017-06-14
319,k3Lh561IVC17,edudney8u,odefilippis8u@moonfruit.com,2017-03-27
320,DKjCSwh0kRP,ncroisdall8v,cpickett8v@google.es,2017-01-02
321,LmVjJo,bparkisson8w,jgaitskill8w@cpanel.net,2017-05-03
322,SN30A6nDGnjH,osyers8x,tcalvert8x@w3.org,2017-06-24
323,XXc8sMvh,ahotton8y,jtheaker8y@mapy.cz,2017-07-21
324,6G3iOn,zmcvaugh8z,lfoltin8z@4shared.com,2017-02-05
325,ie2YWTla4,lgut90,mchivrall90@ocn.ne.jp,2017-09-21
326,8Ul1rbpwMc,ladicot91,mbeel91@wisc.edu,2017-08-25
327,6Hkt5R,mglisenan92,dkinman92@t-online.de,2017-09-07
328,vg5OXBliTII,fdenge93,awolfart93@yandex.ru,2017-09-10
329,sBnmtkhY,msansome94,tdowgill94@mit.edu,2017-09-17
330,yEQdglqr2q,cstoffel95,akobierski95@com.com,2016-12-27
331,15w0VYQhUueM,knorthage96,jtweedle96@opensource.org,2017-07-15
332,FAsUIxhWRF,rminto97,mcantu97@nhs.uk,2017-01-06
333,28EaOWUl51,omaryska98,oslixby98@purevolume.com,2016-12-01
334,W0onIYOT,stryhorn99,sfarrans99@blogspot.com,2017-03-14
335,77o9TRTTp,sdiplock9a,slorraine9a@paypal.com,2017-01-24
336,3N20UJdtABUZ,rangeli9b,mgoodger9b@timesonline.co.uk,2017-10-25
337,vns6ONLj,eshelton9c,mspeares9c@hud.gov,2017-05-16
338,ni15kN2Ul313,edesorts9d,tjopke9d@free.fr,2017-11-09
339,DdvwOnzw,epampling9e,rreboul9e@hibu.com,2017-05-30
340,i1RkCoeoFy,kspeake9f,bhawksby9f@posterous.com,2017-07-21
341,jVvhWrBWH9Zh,adegnen9g,dstares9g@jugem.jp,2017-05-13
342,tbz9vTvXQd,cannand9h,cbiaggelli9h@telegraph.co.uk,2017-10-13
343,qNlz0CmuTG,bswanson9i,bbrandli9i@latimes.com,2017-10-28
344,bpiXj8xnp,vgettens9j,bridge9j@amazon.com,2017-05-21
345,Uyut3S59,jconre9k,bmacdougall9k@ucsd.edu,2017-08-05
346,hbjEcI,eshakesby9l,hlefebre9l@biglobe.ne.jp,2017-08-08
347,0ocM5I8l,zoxenford9m,rgilbane9m@nifty.com,2017-04-04
348,t9Bs73FQD9,sgalea9n,rledeker9n@typepad.com,2017-09-18
349,h2L6H1oc5Sow,idantesia9o,mchivers9o@hud.gov,2017-03-01
350,lFZKhGgLK2,gscough9p,btitterell9p@toplist.cz,2017-06-09
351,lhGO8GSug,aalbers9q,drisen9q@goo.ne.jp,2017-06-12
352,fIDXt6f,gwigfall9r,ljados9r@youku.com,2017-01-03
353,D2Rx2VLLLCH1,cmccolgan9s,ladamczyk9s@indiatimes.com,2017-07-05
354,RZQxwdui,ctaft9t,cswainsbury9t@msu.edu,2017-08-13
355,tH8ZfJOe9MXY,erampling9u,dcolebourn9u@smh.com.au,2017-03-21
356,1dofeXsR7Cyf,hogilvie9v,ckubera9v@senate.gov,2016-12-16
357,PReaTozv9Cz,mticehurst9w,lhynard9w@blogtalkradio.com,2017-02-11
358,pyCY2X,elambal9x,smoscone9x@surveymonkey.com,2017-08-02
359,x0OQ36mPdzcn,bbanbrick9y,mbuyers9y@sitemeter.com,2016-12-31
360,M938DZ3Q5q,yleggate9z,dswaffer9z@bluehost.com,2017-04-03
361,RiKqLoDgd,ghugneta0,wbuiea0@bigcartel.com,2017-02-23
362,nk0hsz,nbenedicka1,tdennisona1@amazon.co.jp,2017-08-28
363,wcS3PZW1wSt6,smoldena2,abastiana2@digg.com,2017-04-27
364,VJg9MEQ3kK,dkulasa3,tmaaszea3@senate.gov,2017-04-08
365,rgaG95wM9,lwippermanna4,lsegoa4@flavors.me,2017-08-23
366,rW2jIB4k,sstellinoa5,pbartlesa5@opera.com,2017-05-27
367,kdtnwFr2l7X,jranya6,cdradeya6@nhs.uk,2017-11-12
368,snrrFEKCZ,dsetchfielda7,cjudea7@mit.edu,2017-04-12
369,PCYu2o8Ic,mechaliera8,jmuckleya8@bloomberg.com,2017-06-09
370,A92h8FyYU,abellengera9,tlynasa9@admin.ch,2017-07-05
371,8TaYCIVYvP0a,kparslowaa,tkilduffaa@dot.gov,2017-01-13
372,5NQBknhH7AEr,jmacneillieab,okornalikab@google.ca,2016-12-15
373,CS1PyW4,bciottiac,jstapletonac@imageshack.us,2017-08-08
374,pmAP3LiR7,pglasscooad,elishmanad@auda.org.au,2017-03-01
375,I5DudP,owellstoodae,ileinweberae@army.mil,2017-01-29
376,4g7hit,akeywoodaf,talgieaf@ameblo.jp,2017-08-29
377,7x8pnk5,jgangeag,ebrimmingag@4shared.com,2017-08-13
378,LvIuMMQefY0z,dcadyah,zstrachanah@newsvine.com,2016-12-23
379,C10vNhZ,rcharterai,vhorstedai@bizjournals.com,2017-09-29
380,JjiRPSI8mV,mjephcottaj,tbortolottiaj@123-reg.co.uk,2017-05-26
381,nMzDJ5PfXR1,kguthrumak,cmcfadinak@soup.io,2017-07-11
382,OHV6gW,binfantinoal,svialsal@shutterfly.com,2016-12-06
383,JQ8Fjb0vg,tgisbyam,bcanasam@google.com.hk,2016-12-06
384,F5VKVokb,jgeipelan,ahartgillan@canalblog.com,2017-11-07
385,vj93MsqSh5El,alilburnao,mcrinsonao@prweb.com,2017-05-31
386,pS2IdJN,tahrendsenap,lpentycrossap@tripadvisor.com,2016-12-21
387,rTsKaBX,ctirteaq,bdealaq@edublogs.org,2017-07-28
388,in9wpPHBPoKf,sgozzettar,lburkillar@list-manage.com,2017-08-22
389,tTvNO1g1,earrighias,rdaltryas@sun.com,2017-01-30
390,WVMT1FOrki,dwardlawat,jgeertzat@freewebs.com,2017-09-20
391,zNJ3up,ssurrau,achevolleauau@themeforest.net,2017-03-27
392,wszttgw,ksetterthwaitav,mcreavinav@technorati.com,2017-02-26
393,pSx6UdLwkqwJ,salcidoaw,frattrayaw@state.tx.us,2017-09-02
394,oryhr9O,eleatax,seyamax@imdb.com,2017-01-10
395,K63242zAAr6,fhuorticay,imounceyay@webeden.co.uk,2017-08-05
396,nHIa4Ip8,adeverickaz,blghanaz@ifeng.com,2017-07-21
397,5mgU7TByFn,ateareb0,solivierb0@si.edu,2017-02-19
398,nSg0bDOsny,wbrydeb1,fbickerdickeb1@go.com,2017-02-01
399,qAN53IA1UhQ,pneathb2,tparnhamb2@ow.ly,2017-07-06
400,3Bs6wNS2qI,gharrillb3,cswatheridgeb3@google.co.uk,2017-04-15
401,bHzppJVYc9,sspottswoodb4,brobertib4@homestead.com,2017-08-24
402,MdDkDMi0,cspearb5,vheeleyb5@parallels.com,2017-01-01
403,TJJObImX8Hrj,rblackerb6,aaudleyb6@who.int,2017-01-15
404,QweVjsOmKY,dfargeb7,fmcgerrb7@cam.ac.uk,2017-09-02
405,wyDaO6,ssandwickb8,fmapletoftb8@businessweek.com,2017-01-26
406,eTBs6gBtQ,wcahenb9,agroteb9@github.com,2017-09-08
407,IzkzKaYhZ3t,ftuckwoodba,emassenhoveba@google.es,2017-11-09
408,KgXyBxOC1eP,charronbb,bcudbertsonbb@sitemeter.com,2017-10-22
409,bpGVqTFScpL,tfrakebc,bzmitrukbc@chronoengine.com,2017-09-30
410,2JS2oxh,erichenbd,lmacardlebd@studiopress.com,2017-11-26
411,GIR4OGZqJY,rmcnuffbe,flagdebe@alexa.com,2017-08-14
412,LlN4Lle1,nbirkmyrebf,lbokenbf@nih.gov,2017-02-15
413,j942o425Tzg7,nmapledorumbg,jmendozabg@forbes.com,2017-06-01
414,f2dvlvlefclX,rbeynebh,bwhiteselbh@artisteer.com,2017-10-30
415,6DJiGCy,ebilbeybi,erittmeierbi@soundcloud.com,2017-03-26
416,0execj1,kgaugebj,bscoularbj@stanford.edu,2017-10-12
417,LmR3SaW2a1,aaxworthybk,sadolfsenbk@economist.com,2017-04-19
418,Pl9pczDXCQ,sdraudebl,gregelousbl@bloglovin.com,2017-05-28
419,2G4ymA,rmedfordbm,mmckimmbm@shinystat.com,2017-08-31
420,KiEY4PZ3SU,lwhitneybn,gbatmanbn@qq.com,2017-11-28
421,tXupZUnnN,mchaudrellebo,cscotchmoorbo@fastcompany.com,2017-07-12
422,GjwWEGgHX7U,apantherbp,fmilsonbp@vimeo.com,2016-12-23
423,i5XFpV6I8vJ,ajergbq,woldacrebq@nifty.com,2017-02-19
424,dNzisPH,hheinigbr,wbarkleybr@altervista.org,2017-08-26
425,lbtKSgm7ioEB,eslaightbs,ostainburnbs@slideshare.net,2017-01-19
426,PmlMQJA2aXE,hsmithymanbt,kheephybt@dot.gov,2017-10-27
427,uvrVG4,tbaishbu,prichtenbu@bbb.org,2017-07-30
428,404INBSc0Y,mberlingbv,elorencbv@archive.org,2017-11-01
429,pDpUHd,dboxhallbw,wblatherwickbw@hexun.com,2017-03-09
430,E3VSSLVMFaF,rarguebx,hmerrifieldbx@ft.com,2017-06-09
431,W9Fgp1dAG9Ei,mlambirthby,eallansby@usnews.com,2017-09-08
432,jfOq32B,daylenbz,acostarbz@google.com.br,2017-02-28
433,uEFBjI,othridgouldc0,akierac0@goo.gl,2017-03-19
434,91CYST7M,hkilshallc1,gspeechlyc1@booking.com,2017-06-24
435,hHE4TvIRG,htrailc2,hgorcec2@seesaa.net,2016-12-04
436,AscAK1Hzic,rmustoc3,jvogtc3@prlog.org,2017-10-02
437,bVqjaG,hsonesc4,tfirmagerc4@infoseek.co.jp,2017-07-13
438,W8nkK5B9fh,cfoxleyc5,pstocksc5@printfriendly.com,2017-04-09
439,ztBs585c4ML,ktathacottc6,aheiningc6@naver.com,2017-01-09
440,jDy9ntpPEjwJ,mkunathc7,hgladdifhc7@princeton.edu,2017-11-07
441,gxv6YbcWA,gstuttc8,ccartmalec8@hao123.com,2017-07-30
442,Gkw0du,mkoppc9,ifirlec9@bbc.co.uk,2017-09-04
443,PEMx3kUl,ephillerca,tharmonca@yolasite.com,2017-07-21
444,WE9lNhE3,opickovercb,mcarrelcb@ning.com,2017-06-12
445,sIg79q,cdemangeoncc,bmatyatincc@issuu.com,2017-06-09
446,21rZLcO7B,kpaffettcd,dfitchellcd@istockphoto.com,2017-10-27
447,8B0AV85pFt,bbendixence,awyece@macromedia.com,2016-12-27
448,bj3hxrE,cjohananoffcf,gheazelcf@narod.ru,2016-12-01
449,hZSgaCMZa,dklinercg,mlimoncg@pen.io,2016-12-15
450,vvTl3DIl7Lp,mgrimch,graigattch@goodreads.com,2017-06-07
451,kSwbA9,hmoncurci,bjamsonci@engadget.com,2017-11-11
452,sc6jo67v8V,hwaistallcj,dchritchlowcj@unblog.fr,2017-10-05
453,8lhunH8,kschuckck,hbentkeck@github.io,2017-03-12
454,1FmFHkpv,kpiersoncl,rshannoncl@pen.io,2017-05-02
455,4ct0nyE3Jvj,geassomcm,rattwellcm@barnesandnoble.com,2017-10-17
456,wtQFWjAA9iB4,bgasconecn,bbailesscn@latimes.com,2017-06-07
457,J1CpaRaT,mderricoatco,cfeasbyco@blogs.com,2017-08-10
458,jzbpicZ,srupertcp,tjaquescp@w3.org,2017-10-24
459,zdYDIuKyYI2,gelderbrantcq,gthewscq@blog.com,2017-01-04
460,ErcKJb7cBWZ,tpaycr,sbullinghamcr@theglobeandmail.com,2017-04-04
461,vKPxQPVTyv,ccoveycs,amaccurtaincs@ucoz.com,2017-05-25
462,3dJauD,cwestgarthct,bsizzeyct@columbia.edu,2017-11-29
463,auv5IkVKY,palgercu,vroulliercu@telegraph.co.uk,2017-05-06
464,r1XVE7JjFRV,ctantumcv,rmurcottcv@dagondesign.com,2017-10-28
465,GZPq1l6Vyfv,mfelsteadcw,bfifecw@parallels.com,2017-05-10
466,TWpEEmVF,mgoraccicx,fmatitiahocx@4shared.com,2017-05-08
467,aUKeLSzecGs,bleggscy,nbussency@ustream.tv,2017-01-05
468,InHioI,roggerscz,lfoldercz@cdbaby.com,2017-06-12
469,z6UvBrFjF9yu,cmacknockerd0,delsworthd0@woothemes.com,2017-01-14
470,LzqLdGRpU,jchristophersend1,acuthilld1@mapy.cz,2017-11-23
471,xRXZZK2dsM,msibyllinad2,tkayzerd2@about.me,2017-04-17
472,qshY6o,mmoylerd3,pklaggesd3@google.com,2017-03-01
473,sNkl02Da5rSJ,dflexmand4,jperhamd4@wiley.com,2016-12-18
474,VCFGsgnTJB,kalbersd5,hboothed5@fc2.com,2017-11-29
475,ax2kERyTwn,aboliverd6,cvelted6@vimeo.com,2017-09-15
476,FtmRz9QjK,jfilderyd7,bdanielld7@bloomberg.com,2017-10-28
477,iBFpklgJt,rrouthd8,hmorehalld8@weather.com,2016-12-16
478,bwtxpqIpd,cdearloved9,tratledged9@example.com,2017-03-08
479,DpnhF2SA5xD,bshorteda,bcapplemanda@360.cn,2017-09-12
480,TFrX0MTiyJPU,vfellgatedb,rhoggindb@github.io,2017-01-13
481,SyZTO64X,wlarticedc,gsimkissdc@ifeng.com,2017-04-20
482,49cLjYbC8mZ,sclarkdd,bpreskettdd@bing.com,2017-05-10
483,btdWSyW,ahextde,npeskinde@squidoo.com,2017-01-26
484,qJBXUA,abroscombedf,akermittdf@geocities.jp,2017-06-03
485,Vj2EuRWEnXl,gharrowerdg,adymockdg@nba.com,2017-01-11
486,udeetc0RSA8,dblinkhorndh,dsherlockdh@moonfruit.com,2017-06-23
487,l2PB2J,cfardondi,mcolkettdi@home.pl,2017-05-27
488,M5YVga,lkenrightdj,dfudgerdj@washingtonpost.com,2017-01-23
489,QysHd7FSmK,dglassoppdk,fsivedk@blogger.com,2017-02-04
490,HOTwSlf,chayseldendl,gbrownlowdl@wunderground.com,2016-12-01
491,27Hl7sJGpSg,bmquhandm,tmillershipdm@cam.ac.uk,2016-12-11
492,bZ39sYn7YB,rravensdn,mrolldn@cnn.com,2017-07-13
493,8Ho2d0J,tmclugishdo,mbilofskydo@linkedin.com,2017-06-03
494,IUUpjj9FSHI5,shaliburtondp,hsifletdp@chicagotribune.com,2017-10-01
495,i0GhvpUehZrh,arobiotdq,dybarradq@fastcompany.com,2017-01-01
496,35DmA3q,ewisamdr,mcatterilldr@google.com.br,2017-03-01
497,h4CuPzMr,mclemensonds,kosantds@ocn.ne.jp,2017-09-04
498,FsrUT2Mu4,bpalffydt,htutindt@home.pl,2017-04-05
499,zr435K,tthurnhamdu,vfranceschiellidu@cmu.edu,2017-10-17
500,MsMxAeK,dandrauddv,chuglanddv@nifty.com,2017-04-28
501,ZSAuXZqWXuA3,dheismandw,jkornesdw@joomla.org,2017-03-15
502,3quADrUl4wM,mreamdx,hmartinettodx@mac.com,2017-05-16
503,3saEmgsU74nb,hweagenerdy,jwoodruffdy@tinypic.com,2017-02-19
504,j9c118Jok6,cerangeydz,rparslowdz@php.net,2017-01-17
505,voRNix,tbohlmanne0,cclohessye0@ow.ly,2017-10-17
506,Ny62tJnR9P,ageikiee1,redelstone1@etsy.com,2017-05-20
507,4sNkQo,klondesboroughe2,npeepalle2@woothemes.com,2017-04-29
508,rdJxXw,egraysmarke3,srosenvassere3@linkedin.com,2017-01-27
509,GxskqiY,mschukerte4,npembertone4@shinystat.com,2017-10-24
510,68gO8Y9Bf9An,mspringhame5,kparishe5@slideshare.net,2017-09-23
511,p40pMg,amorrelle6,lettritche6@bizjournals.com,2017-06-29
512,45H2Z4xSg,agrenshieldse7,cseifferte7@ihg.com,2017-10-25
513,KgPzfRD1QLBf,lgledhalle8,awifee8@hhs.gov,2017-05-25
514,s2ObKoYS,bsineathe9,cruppertze9@washingtonpost.com,2017-09-03
515,2uqMLlBhlWU,sstanfieldea,jdrewellea@nbcnews.com,2017-07-19
516,hW5GfSL,frableneb,bspiaggiaeb@tinypic.com,2017-05-05
517,afoTfD,tsherrockec,mmcgovernec@lycos.com,2017-03-03
518,EluU3je8l,cjumped,rhowgilled@ezinearticles.com,2017-08-13
519,t1ABu777tpmj,njarrittee,fcropperee@bbc.co.uk,2017-04-22
520,5fd0i518D,veadmeadef,apesteref@homestead.com,2017-04-26
521,yE1mir9,esivyereg,hmackowleeg@goo.ne.jp,2017-03-03
522,Y7VBLIFkI8I,vwoodesoneh,nbamfieldeh@diigo.com,2017-03-09
523,yA3TfEBy,tcustardei,sjeromsonei@redcross.org,2017-11-26
524,9jQU4Azz1LQ,rcreakej,hellcomeej@51.la,2017-11-03
525,TX7xDiAbsAje,ebothieek,rridolfiek@usgs.gov,2017-09-01
526,G9J9Ix0lsI,sjinkinsonel,cmerleel@devhub.com,2017-06-12
527,YWya28I,hheballem,vmacbainem@barnesandnoble.com,2017-05-24
528,d4MtK1,cmillicanen,aknivetten@nytimes.com,2017-01-12
529,9ySrbudWyF,jmoeneo,jedwickeeo@friendfeed.com,2017-07-16
530,c5CvCto6kyGM,hmcmurthyep,hrobeletep@columbia.edu,2017-11-05
531,BPEpjk94tA,hwooldridgeeq,smcrobbeq@theglobeandmail.com,2017-02-27
532,JR7pXMvb,asneler,rfellinier@technorati.com,2017-06-07
533,FdtllIGrwm,ttommasuzzies,jrykertes@biblegateway.com,2017-09-18
534,SKr3AfTq1,zdormandet,valesioet@nymag.com,2017-05-27
535,WF6ElTwMesB,efeechumeu,pmaypoleeu@cdbaby.com,2017-06-17
536,ClWOAhKyjr,fpreslandev,ggrindleev@wordpress.com,2017-08-19
537,DMaMBgNHODuZ,gdyew,grampageew@soup.io,2017-10-17
538,Fb84eiox1qW,lchaperlinex,gjurgensonex@privacy.gov.au,2017-03-07
539,omsZz5A3u,mbarenskyey,nviversey@webs.com,2017-03-03
540,O0HrDl,ltrimmillez,ccradeyez@dropbox.com,2017-03-14
541,fkiiWQmq5kd,bmetzingf0,mfentyf0@tinyurl.com,2017-03-16
542,aZO2cZR,bgoodyerf1,mdixceef1@opensource.org,2017-04-04
543,I8XhUWYXH,hvearef2,fstrongmanf2@wordpress.org,2017-03-20
544,Fo7qOB,mgaiterf3,bgumleyf3@msu.edu,2017-08-22
545,v3uh7z,ctettf4,abydawayf4@51.la,2017-01-31
546,T4QqQOoVG,lhubbertf5,pstranaghanf5@nba.com,2017-02-16
547,lcgZHQUhf,dwarbeysf6,cdevennief6@auda.org.au,2017-08-27
548,8R7rJ2FXv,hrobathamf7,cpenbarthyf7@dailymail.co.uk,2017-03-18
549,lDCFN4cToLhp,wtownshendf8,amoylanf8@jugem.jp,2017-07-30
550,m3jCDz7SaBa,tfinderf9,dswanborrowf9@squidoo.com,2017-01-02
551,NtMsgbY,clewzeyfa,chullandfa@aboutads.info,2017-11-02
552,hVqoSJM,kfishleyfb,tpilfoldfb@twitter.com,2017-02-24
553,KTqF1sxDES,bulyattfc,ringreefc@blogspot.com,2017-11-17
554,2m2GaB,dyankishinfd,ntrinbeyfd@upenn.edu,2017-10-28
555,lslqK9,ldedmanfe,emiliffefe@miibeian.gov.cn,2017-04-30
556,8zaJlTFxn,ckneeshawff,mschuchmacherff@delicious.com,2017-06-18
557,PRedAuB5UfEh,miwaszkiewiczfg,cbrickellfg@studiopress.com,2017-08-09
558,9pls54,dmcgarriefh,dbrahmerfh@mapy.cz,2017-10-19
559,1z18lKs2,nenokssonfi,tsagefi@rediff.com,2017-01-24
560,r02ldBmFP,champsonfj,mmcwhorterfj@smh.com.au,2017-04-05
561,xHBFU6qxGokF,jbriggsfk,hrawlynsfk@va.gov,2017-08-29
562,0v06dQMNgH,wcordyfl,cminchentonfl@cornell.edu,2017-05-18
563,8BbeZIx,nrowlinsonfm,rabdonfm@51.la,2016-12-03
564,5LnCBd3hW,lblewisfn,cpassinghamfn@networkadvertising.org,2017-02-10
565,AScuMN,mpillingerfo,ctunbridgefo@abc.net.au,2017-05-06
566,lxVWfbZ7fZ2,vmcginnisfp,agrigorinifp@gmpg.org,2017-07-21
567,9Ox1hPVtK,gmartinetsfq,dmcnyschefq@oakley.com,2017-08-29
568,N3eXmvRhI,edumbletonfr,scottrillfr@cpanel.net,2017-01-11
569,CxWWqL9SXlPe,sgellertfs,kbougheyfs@youku.com,2017-11-07
570,S8bj9jqp,mwornhamft,gkirkwoodft@cnbc.com,2017-04-23
571,mYtb4Vj,mscranedgefu,tpimerickfu@blogs.com,2017-07-12
572,TzItJCC9,oracinefv,iwennamfv@addtoany.com,2017-08-07
573,Ieq1N14,sgummoefw,mbuttingfw@hostgator.com,2017-01-24
574,eeLqD9PYlR,jcrossfx,deblefx@jiathis.com,2017-03-25
575,3nIJX9Hq,jmathelyfy,swoodyearefy@g.co,2016-12-29
576,15dVjfxk,flinsteadfz,kfieldfz@creativecommons.org,2017-04-04
577,9SifHqb,jdanickg0,daisbettg0@wired.com,2017-04-26
578,qAiWPv2z9,nmackeang1,taustwickg1@cdbaby.com,2017-09-27
579,K9cgWn9cCyE,lhaggieg2,lwintersong2@indiatimes.com,2017-08-02
580,3A3mitzF,rpurselowg3,rclabburng3@engadget.com,2017-07-27
581,JdNILT7xf,wsitfordg4,lkalinovichg4@dedecms.com,2017-05-06
582,4hvtPG,dgoneyg5,jdrydeng5@addthis.com,2016-12-22
583,1GYeZNuly,jgorbellg6,vphilipeaug6@w3.org,2017-01-04
584,UF4cGwQdiz,jguiraug7,jperrinchiefg7@washingtonpost.com,2017-01-19
585,XUvR7cu,hbosselg8,vlettingtong8@hhs.gov,2017-05-21
586,rZiTjAf,gchottyg9,kcadleg9@google.cn,2017-05-18
587,TnQfDiEEL,tpadyga,vreynaga@archive.org,2017-04-12
588,N9jVpmeXdzAK,jglazyergb,greisgb@constantcontact.com,2016-12-05
589,y8NaQk,vbowartgc,mseatongc@blogs.com,2017-08-07
590,4ut9ibTBPju4,fpictongd,ssmailegd@wikia.com,2017-09-10
591,GvgNtM,airelandge,asaldlerge@symantec.com,2017-05-01
592,VM6SvYJQon,mpatshullgf,cjammetgf@cdc.gov,2017-11-03
593,ribDp0J,biddendengg,wtynegg@dailymotion.com,2017-08-10
594,BOj5r8z,ssimpergh,lbrignellgh@networksolutions.com,2017-01-16
595,Xs0A6BVa,cdeacockgi,aroosgi@qq.com,2017-07-09
596,n87mzpRZJ,nnoodsgj,elackygj@shop-pro.jp,2017-09-05
597,Pe6NWlmN,lgummergk,yfoukxgk@plala.or.jp,2017-05-21
598,mEpq6Mizd,rdagnallgl,ocisecgl@bbc.co.uk,2017-01-29
599,kDpwBgm,lpheasantgm,fdysertgm@tinypic.com,2017-01-02
600,1tLQwFqg,bpogegn,swortgn@squarespace.com,2017-07-07
601,5nu3rZshwXN,anosworthygo,ghowlingsgo@digg.com,2017-09-19
602,I27pbDnOVbg,sdorygp,bcollgp@adobe.com,2017-09-07
603,Lt1MIBGaf23j,mgallyongq,afairclothgq@etsy.com,2017-11-14
604,3FXLKtLn,blingegr,jwollardgr@artisteer.com,2017-11-26
605,WcFTmvzfaE,sgarmansgs,fmarsgs@sourceforge.net,2017-02-20
606,Lb5OeHEn,wberthelmotgt,hboswellgt@cbsnews.com,2017-02-04
607,58ttaBsb,godoireidhgu,sdrancegu@youku.com,2017-11-02
608,ZFpAk1R,neakengv,bwillfordgv@artisteer.com,2017-05-31
609,LQKWUBlEuNe,lmacterlaghgw,wkorbmakergw@msu.edu,2017-08-31
610,NFiQvncRrlQ,lventuroligx,cpenwrightgx@opensource.org,2017-08-26
611,IEiUkJ,csmeethgy,gironsidegy@pbs.org,2017-09-12
612,wVApz6SnKE,dmegaineygz,bbatchelourgz@goo.gl,2017-04-26
613,akBxgf,mgreensmithh0,mhanburyh0@barnesandnoble.com,2017-08-11
614,2iG9VSRye1bI,kmcquilkinh1,mfotherbyh1@oaic.gov.au,2017-03-26
615,6yAoqx2,jmccreaghh2,sgaylordh2@cocolog-nifty.com,2017-07-20
616,APVPGsjr5XM,corrahh3,tkrzyzaniakh3@bing.com,2017-07-04
617,nR3K4zDTN,epatilloh4,swhithamh4@wisc.edu,2017-01-27
618,ijWxRwsS,ayannikovh5,rcrabtreeh5@sphinn.com,2017-09-16
619,4K7Dz0o4r,shanwayh6,blawdhamh6@elegantthemes.com,2017-08-20
620,rTBVhXJWhRtv,amittonh7,ltoffanoh7@patch.com,2017-11-17
621,IPH1Ly4S,lcompfordh8,mbagniukh8@go.com,2017-07-28
622,6LbZR25tdi,fbarleeh9,dfoneh9@yelp.com,2017-06-02
623,0UBbVlB8eY,sdaybellha,icolegateha@sciencedaily.com,2017-05-29
624,isEDDUajJxf,swillingamhb,rprattenhb@accuweather.com,2017-03-02
625,Chb0yEzT,jbillingslyhc,jdivinahc@wikipedia.org,2017-04-23
626,UUlvs34DtB9g,hcassedyhd,jblundelhd@ebay.com,2017-01-05
627,3NfiHR,gkernanhe,mbayneshe@msn.com,2017-03-30
628,adwmcc,ssnelsonhf,hlawrencehf@jimdo.com,2017-03-05
629,satv6A8ct,tmorriesonhg,emaccostiganhg@is.gd,2017-06-18
630,d4LPnEGxg,roshavlanhh,wcrewtherhh@statcounter.com,2017-11-28
631,zxNYChpkffaW,nhallifaxhi,fhayhi@purevolume.com,2017-04-25
632,OCExha2M,amcarthurhj,ikasselhj@businesswire.com,2017-05-17
633,bFyUSZYmQt,lbridgementhk,mjayeshk@livejournal.com,2017-06-08
634,33hd0q,hspontonhl,ggoanehl@craigslist.org,2017-07-18
635,OKOkcRP,ssereshm,fogghm@1688.com,2017-04-07
636,5XwWp1kbpCM,mcleevehn,nevansonhn@themeforest.net,2017-02-14
637,3yPu7f1Z67,ftinnho,rmcdougleho@weibo.com,2017-02-02
638,AKiJ8chtIS,apemberhp,jghidonihp@irs.gov,2017-08-28
639,ZN0ozwCTSKm,flambinhq,dsangerhq@google.co.uk,2017-11-08
640,uEEHIAOy,ngonsalvezhr,lloughranhr@amazon.de,2016-12-30
641,3KcS6YT,eyorstonhs,rbraemerhs@nps.gov,2017-05-30
642,PnDR3KwIbnSJ,gshatliffeht,wjerschht@google.co.uk,2017-06-07
643,yrmkSc,glintotthu,jkelingehu@exblog.jp,2017-07-07
644,9ZyzhP4EZ,lmuehlerhv,rmathiothv@sohu.com,2017-03-19
645,WHpswv,dbussehw,bneilushw@independent.co.uk,2016-12-03
646,fBukFmy,nfairhamhx,ahaddestonhx@gnu.org,2017-01-20
647,LJLgQasL,fgentreauhy,kchstneyhy@howstuffworks.com,2017-06-30
648,0qt05qAFZ,tworgehz,ademanchehz@mashable.com,2017-08-20
649,OPS6rKsaXI9,mcornfieldi0,edranei0@booking.com,2017-08-12
650,PJQd9Z,afeyeri1,dvassiei1@google.pl,2017-02-25
651,wSWG5bTt6cK,akistingi2,rkeyworthi2@smh.com.au,2017-05-20
652,IKjFfBQiW,dgoodbandi3,tdragonettei3@google.co.jp,2017-01-23
653,fQUMLnsD4YrZ,bantonijevici4,wchelleyi4@skype.com,2017-03-13
654,IzShdrpghIOX,lroskellyi5,hjouberti5@dedecms.com,2017-05-06
655,dg9uCxG,abridgelandi6,tedgelleri6@cbc.ca,2017-04-23
656,kI0yA25R,cfulki7,ddowi7@163.com,2017-11-10
657,x4P2pqQaz,mcollinwoodi8,bcossori8@1und1.de,2017-01-17
658,pwUBRSjSGRe,rhartnupi9,afishburni9@nymag.com,2017-01-12
659,QIHKkoovx,uredwoodia,bartindaleia@theglobeandmail.com,2017-08-08
660,cKiPVY,lfanteib,bbushellib@wikipedia.org,2017-03-29
661,XmiG24tJK,egrabiecic,ffinnisic@facebook.com,2017-05-26
662,BauEnW,abonaviaid,ckorneichikid@istockphoto.com,2017-08-07
663,wPkF7TDt,pguarnierie,qgoodredie@ucsd.edu,2017-04-10
664,xqYn2XWOdgPg,mseawellif,josbistonif@nyu.edu,2017-02-03
665,Utpirj7sN,tcartledgeig,rcoopeyig@twitpic.com,2016-12-26
666,SDuIqpHI,csimanenkoih,lwychih@xing.com,2017-02-01
667,5kOfyJo37xiY,kpulsterii,mgilchrestii@4shared.com,2017-02-08
668,8g3vZq87pLn,idemeltij,ehaycroftij@xinhuanet.com,2017-07-19
669,WHt7NaNf5L1,gchuggik,kbednellik@domainmarket.com,2017-04-19
670,b3mRCfbrSD,llabordeil,sabrahmeril@admin.ch,2017-10-28
671,XcOhXUHmHo,gemmanueleim,bdiggesim@vistaprint.com,2017-08-13
672,ajWoQFRqUF4,gdreiniin,jeskrickin@cbslocal.com,2017-01-06
673,P2zLMgY1OblT,cbugdellio,rmclachlanio@redcross.org,2017-11-11
674,Sv2tDpJ6flW,dbucklanip,ebittlestoneip@tinypic.com,2017-09-01
675,zWgHH9TmP8i,bcheleyiq,tpollettiq@1und1.de,2017-11-09
676,empz1dmb5,lpauluschir,ntoupeir@symantec.com,2017-10-23
677,doX2RwMsUGT,dlowinis,egemeauis@joomla.org,2016-12-18
678,DuWc569e9,cjedrysit,mcockneyit@hao123.com,2017-07-29
679,iLfWTdkH,vduplaniu,fkezariu@constantcontact.com,2017-02-26
680,gynFePzQ,bsteansoniv,kcavyiv@cafepress.com,2017-07-09
681,xEcdxOqg,egemeauiw,mroubertiw@php.net,2017-09-06
682,7g43gEj,abossix,socorriganeix@netscape.com,2017-05-24
683,QKRidk4xBUbo,cknockeriy,kdobbingsiy@fda.gov,2017-03-18
684,FOROtLq4,ggentneriz,erooperiz@java.com,2017-05-10
685,XHcoSb6,pclevej0,gcoppockj0@geocities.jp,2017-01-05
686,djVhYCmjy,hvickarsj1,ldaymentj1@comcast.net,2016-12-24
687,dk4UnozQ2V,smccawj2,tcousenj2@prweb.com,2017-01-08
688,dGb02SigV,mbalsdonej3,gdonnersbergj3@sfgate.com,2016-12-28
689,mG4erb4,bhambyj4,rlamballj4@uiuc.edu,2017-01-21
690,YQqOZ2APr,ltiftj5,kclaughtonj5@sbwire.com,2017-06-29
691,NapVOpTCYv,emcilhargaj6,gcarnamanj6@apache.org,2016-12-10
692,bo1QhPS,osummonsj7,ddoughtyj7@cdc.gov,2017-10-09
693,oDwQwithF3l,sbarefootj8,cmerdewj8@clickbank.net,2017-07-10
694,uDvbl6,jkortingj9,cmcgerraghtyj9@msu.edu,2017-03-30
695,u5ZwNOw3,cthiemeja,bwebbeja@businessinsider.com,2017-01-13
696,cbgTf68Hj,diansonjb,kmunfordjb@dagondesign.com,2017-04-22
697,C3KBCIGc,egardjc,fdeambrosijc@mysql.com,2017-04-30
698,3FO7hI9nb,ctophamjd,gkillichjd@latimes.com,2016-12-19
699,u0KYR6s2P,pfossickje,mneachellje@joomla.org,2017-10-09
700,qUlQ0ytb,jtomaschkejf,ssumptionjf@paginegialle.it,2017-04-29
701,M0hLEcL,clobliejg,lmcgrirljg@zdnet.com,2016-12-03
702,PUh1LOwQl,cyendlejh,cconichiejh@gov.uk,2017-11-18
703,3w8RkEmDdMdY,lgoodmanji,cabbaji@t.co,2017-04-15
704,s13O2P30SgL,jmackellerjj,hnapperjj@icq.com,2017-06-04
705,Ns4lMB,rcrowleyjk,abuttlejk@w3.org,2017-01-10
706,PhwfiULz2tu,cragglesjl,ddanskinejl@dagondesign.com,2017-08-21
707,PHK7avVXD,atrevorjm,jdavissonjm@pagesperso-orange.fr,2017-08-09
708,FCHLq4,myirrelljn,ckitteringhamjn@nps.gov,2017-09-06
709,6Lc63A9w,gpretleyjo,bchirmjo@i2i.jp,2017-07-04
710,LrcAlakHavk,grosonijp,mhowfordjp@sourceforge.net,2017-07-14
711,4FDiXXX,sstephenjq,abankesjq@angelfire.com,2017-04-11
712,Msn1BZG9B,tplacidejr,crennebeckjr@hhs.gov,2016-12-18
713,oJ8VFz5ob,cheamusjs,celnaughjs@house.gov,2016-12-04
714,kwpUbSfeW0,mmoffetjt,stuckettjt@hao123.com,2016-12-31
715,PFgPjFdZ,sfraineju,sjanjusevicju@bigcartel.com,2017-09-03
716,SFTDCeuWyIZ3,gharbackjv,aduguidjv@photobucket.com,2017-10-14
717,NxNBzp,capriljw,ttommenjw@sakura.ne.jp,2017-01-22
718,bG32k9CiMOY0,opickwelljx,scastagnonejx@twitpic.com,2017-03-18
719,RUFy5z5,bmifflinjy,pshyrejy@livejournal.com,2017-07-05
720,RdAFJZbr,hdickyjz,sfenelowjz@msn.com,2017-01-10
721,3a3BGkCsFo4,dguilletk0,wshermank0@time.com,2017-09-14
722,4LCf1lXC,jrandalsonk1,pmalitrottk1@dedecms.com,2017-09-04
723,rh4kLeq,tditchk2,jtrumpk2@cbsnews.com,2017-11-26
724,YdJvAUvu46l,tbellangerk3,acruwysk3@aboutads.info,2016-12-31
725,Gz8jj2tTcJuv,jblankingk4,lvanveldenk4@multiply.com,2017-08-20
726,EzoY6b5yr,afellosk5,kbennenk5@posterous.com,2016-12-15
727,8jr1Uux,mboothk6,aclusek6@indiegogo.com,2017-07-15
728,qGa6L453,mjazek7,wbrazilk7@unesco.org,2017-03-07
729,FZXc691G18pq,thartilk8,bgartsydek8@utexas.edu,2017-09-15
730,LbplaT,pmccluink9,budalek9@foxnews.com,2017-06-02
731,GgdeSbUzZzF,atrazzika,jitzkovichka@telegraph.co.uk,2017-03-10
732,1lfLvN6NO45P,smarioneaukb,kscroobykb@desdev.cn,2017-08-05
733,gpRdtrHeCj,vmoughtonkc,rhammermankc@devhub.com,2017-07-17
734,MVWN71qY,bisacqkd,mkennedykd@clickbank.net,2017-08-13
735,hGCLKuL,cwilceke,rsharremke@bing.com,2017-03-06
736,I8ZyUeL,fcordellkf,vraoulkf@discuz.net,2017-02-17
737,F4KgLhqu,edubosekg,ggladmankg@rambler.ru,2017-10-04
738,FMvfndE2EH,rshermankh,dtomasiankh@simplemachines.org,2017-04-07
739,7dwFYXF7y,apoynzerki,dsoppittki@amazonaws.com,2016-12-20
740,jVS4rP5H1A,clapthornekj,tdavallkj@globo.com,2017-10-18
741,QdExQLxslgB,psabbankk,btrentkk@acquirethisname.com,2017-09-19
742,ZS4QwsIY,ncraisterkl,sfortkl@gizmodo.com,2017-04-13
743,9SdUtrfFwIi,mdomegankm,isainskm@cargocollective.com,2017-03-24
744,9rV9tw,arollandkn,emcallesterkn@state.gov,2017-02-20
745,eM83kjp,phallettko,corysko@jigsy.com,2017-05-24
746,A3bYLK8,jgosselinkp,cjeffcoatkp@quantcast.com,2017-04-01
747,zI48B42n,dscarbarrowkq,sfilpikq@aboutads.info,2017-08-03
748,hkZpksrRPIUe,rreinhardkr,kdronkr@harvard.edu,2017-03-08
749,yzKzFM7R,eharrinsonks,wtrembleks@multiply.com,2017-07-06
750,TvfJxjbKUzvq,rgabbotkt,dfinderskt@wufoo.com,2017-01-20
751,lCvjHi477hgg,csmalemanku,tcasfordku@sciencedaily.com,2017-01-25
752,S4fzliGo7sB,fbuttlerkv,ddrifekv@cnbc.com,2017-02-27
753,ExmHWWA,elawlingskw,aurvoykw@stanford.edu,2017-01-10
754,NY9yjfEHl,mbarrskx,midienskx@spotify.com,2017-08-23
755,2EWVKGU9A,ecorstorphineky,jguislerky@mapy.cz,2016-12-22
756,IJosxgWpI9W,pkleinhandlerkz,mlaitkz@columbia.edu,2017-03-15
757,q42edVBqesU3,fbissattl0,foxbyl0@hud.gov,2017-09-05
758,rBGyhni773,tlysaghtl1,lwithersl1@cbslocal.com,2017-04-07
759,Mk4H02fAFftK,slangcasterl2,vleanderl2@hatena.ne.jp,2017-05-29
760,geCjIn,otingleyl3,selphl3@japanpost.jp,2017-06-05
761,kcYhKe,gmillicanl4,athundersl4@scientificamerican.com,2017-10-15
762,aIF1C7,msmalingl5,rlambertzl5@mail.ru,2017-09-27
763,zdEfEhrJjPz8,gberl6,dstratleyl6@shop-pro.jp,2017-11-08
764,qDTYQf,vbearmanl7,mschlagl7@fastcompany.com,2017-05-09
765,RZMkeVk,aspoerll8,mblasonil8@vinaora.com,2016-12-31
766,qfNme6,cquiddihyl9,shablotl9@diigo.com,2017-01-17
767,OusDWk,mwynnla,dcluettla@kickstarter.com,2017-05-08
768,yNAaL9aPi9Nx,cqueenboroughlb,dcadallederlb@gov.uk,2017-11-04
769,AdFrgkHX,tyashanovlc,lrandlesomelc@mozilla.org,2017-02-09
770,vojtHN3Lu,aleatherbarrowld,abordessald@whitehouse.gov,2017-11-07
771,CsBqJjTNrbd,mharbardle,pruminle@yale.edu,2017-06-27
772,A1bNgup9yA2,jjoriotlf,pmckinstrylf@arizona.edu,2017-07-27
773,5HSM32v,mdallimorelg,btraharlg@edublogs.org,2017-02-08
774,ai0fjIXa0d,mbirdwistlelh,mkinkadelh@ibm.com,2017-01-20
775,fE3Wt0X8jA,fprobateli,ghabberghamli@twitpic.com,2017-08-10
776,Z5zM1T,oenderwicklj,sbruinlj@telegraph.co.uk,2017-10-29
777,Zw61KFab,alaurenceaulk,imetterickelk@examiner.com,2017-10-30
778,4GI36GjAjV,ntrahmelll,vrushbyll@twitter.com,2017-02-07
779,7zH1lVN,irichardonlm,mshilburnelm@archive.org,2016-12-18
780,2n6uid,slebarrln,cgarretln@woothemes.com,2017-05-08
781,j810qM8MJ2jU,fchaplynlo,gdicksonlo@businesswire.com,2017-10-18
782,pQjuH0,rburrougheslp,ssnowdenlp@technorati.com,2017-06-15
783,rDZpHQ,tbrindlelq,kgoodounelq@arizona.edu,2017-06-06
784,sRQzdJMeFARq,hkingsnodlr,acussinslr@github.com,2017-08-15
785,ibBAEv4,jmcgowanls,tegerls@fema.gov,2017-03-17
786,cV1L0XbwRho,sscoleslt,sgarylt@surveymonkey.com,2017-01-24
787,6uFAxa885S,coverstonelu,mtomichlu@huffingtonpost.com,2017-04-01
788,s3jXBAwh8N50,athomslv,whellerlv@twitter.com,2017-05-20
789,xjHjdMZ,sthompsettlw,florrimanlw@prlog.org,2017-10-08
790,tRor5BNuTV,rcorradolx,ppautardlx@uol.com.br,2017-07-11
791,tdogI4,wmcpartlingly,mkerwinly@prnewswire.com,2017-08-05
792,urQXtFS1Z02o,kmanselllz,mgantzmanlz@domainmarket.com,2017-05-12
793,0wlR47hGD7Od,fdaulbym0,vizkovitchm0@cdbaby.com,2017-04-10
794,1tl8wOKrc,btrimmellm1,ryanyshevm1@blinklist.com,2017-04-29
795,zJwELkZ,blindwasserm2,tedmondsonm2@ebay.co.uk,2017-04-08
796,7yk3bE,ghumfreym3,santonovicm3@va.gov,2017-08-11
797,az96svavK6,blyndsm4,criddioughm4@si.edu,2017-05-02
798,XdCPhHRPFG,vcyphusm5,mfrenschem5@businessweek.com,2017-10-23
799,cgPTOMVZr,lallwrightm6,zpeplowm6@uol.com.br,2017-06-08
800,O7oXMPF,jensleym7,wmilksopm7@gizmodo.com,2017-06-18
801,1SplkVjgUV,dwortleym8,jmartinatm8@zdnet.com,2017-06-06
802,NK4wBC,bparadesm9,mcyphusm9@pbs.org,2017-11-23
803,IvlWK8,cwomersleyma,ctourma@sourceforge.net,2017-10-15
804,DFbh5Id,rrubbensmb,nmosenmb@washingtonpost.com,2017-02-13
805,oy9CbK6l,ajahndelmc,rwabemc@furl.net,2017-02-14
806,2wX7Fhe5x,bivoshinmd,lmullanemd@instagram.com,2017-11-04
807,JbUdzhC,jmarlandme,abambrughme@cisco.com,2017-10-30
808,h6L6IxVghpI,mgamwellmf,lwoollendsmf@webnode.com,2016-12-16
809,i0zWg6ft,htoftsmg,vwerendellmg@va.gov,2017-01-12
810,s7L447j,jmcgrortymh,rcaesmansmh@elegantthemes.com,2017-07-15
811,bMIi8vU0nc5N,ldubiquemi,othreadgillmi@simplemachines.org,2017-09-03
812,icCl5MrV,dkillinermj,rkitchingmanmj@reuters.com,2017-04-27
813,2ubVKZ,dwebermannmk,tlawrencesonmk@tinyurl.com,2016-12-29
814,2AqE7bcYs,nwidgerml,reichml@springer.com,2017-04-15
815,WbGv2fhi6,emelinmm,ggariochmm@arizona.edu,2017-03-09
816,cmaCuTKFX,gbinksmn,cbermn@delicious.com,2017-04-24
817,GlXFXonc,fgilliganmo,zrowsonmo@blog.com,2017-07-19
818,Abnrd383,skebellmp,daveriesmp@networksolutions.com,2017-02-27
819,lijyvpcO,nchadwellmq,ajacobimq@state.gov,2017-06-26
820,sYhQPvht,sslorancemr,isandercroftmr@de.vu,2017-02-23
821,rfygh1oO9z,rwhittenms,hbhatiams@vinaora.com,2017-03-14
822,XOKKTLbB4g,ckeggmt,sgiacopelomt@sohu.com,2017-07-13
823,D8LFKqF8V,ubruckmanmu,bdodgshonmu@cbslocal.com,2017-11-14
824,U2YM8b3OeGq,imcquartermv,ppegdenmv@dell.com,2017-01-25
825,IIfjzF,cfeehelymw,gcoldtartmw@drupal.org,2017-06-16
826,htyrrTx,mclaragemx,sollerheadmx@comcast.net,2017-11-03
827,kgdD8uv,nenevermy,dshewringmy@archive.org,2017-10-05
828,9SgWm9AFR,vbaumertmz,ekenforthmz@last.fm,2017-10-13
829,hpA67A,mcongreaven0,rrosonin0@businesswire.com,2017-10-14
830,5OLpy1J7jen,bmaccollomn1,mterransn1@sogou.com,2017-11-07
831,YXNLrBekMZzL,ckolakn2,chaseleyn2@wp.com,2017-09-10
832,KaaRtfSwGxhb,kmissonn3,ctideswelln3@amazon.co.jp,2017-03-09
833,rhXn4Gbo2Q9P,mchallenn4,pmcmychemn4@deliciousdays.com,2017-09-21
834,R4HDJY0ertNv,slowingn5,nmcswann5@google.com.hk,2017-10-28
835,6HBJuWTCz1H,ffoulkesn6,kcoetzeen6@loc.gov,2017-09-06
836,3Lq4OIFePg,mpisern7,mgroocockn7@photobucket.com,2017-01-01
837,5WyYUvCwr,jkaysn8,jladdlen8@i2i.jp,2017-10-21
838,NcT25iBy,mbazleyn9,atickn9@weather.com,2016-12-17
839,NtDkZhMzdj2O,ablofeldna,kcragellna@aol.com,2017-07-22
840,8orE2KH,jbeennb,dhawkeynb@sakura.ne.jp,2017-07-24
841,0NYoA0o8e,mdawbync,ilavallenc@springer.com,2017-07-27
842,fVs4fZj0c5J,bpateknd,dpenningsnd@usda.gov,2017-04-27
843,pBLmVo,eziemsne,edalglieshne@webeden.co.uk,2017-10-04
844,VdoyJLk,cmcisaacnf,sfairlawnf@youtube.com,2017-05-12
845,4MGNsYA3S,givinsng,bbeacomng@bizjournals.com,2017-05-04
846,TVOIVu2Rlu,abestimannh,cdrummondnh@1und1.de,2017-03-01
847,jwr1m546,dmindenhallni,rpeinkeni@meetup.com,2016-12-19
848,MjNMX5VdyQSz,mtomasnj,mdowbigginnj@ebay.com,2017-02-01
849,crcy06l,sskillnk,dscimonellink@dion.ne.jp,2016-12-09
850,w4iCSm,whasleynl,tgerdtsnl@spotify.com,2017-10-19
851,jMswV0yRm,ekrabbenm,akeithnm@toplist.cz,2017-05-21
852,T2iYLV6Ef,bsnodennn,tmcglaughnnn@microsoft.com,2017-06-26
853,XAZynlksXC2d,rsurmeyerno,mhatterno@thetimes.co.uk,2017-01-04
854,cKEqzheP,agieroknp,sblinermannp@tripod.com,2016-12-26
855,AlSphJNY7MI,rmassiminq,msatyfordnq@technorati.com,2016-12-26
856,xPSdF21i,kcomolettinr,aisaaksohnnr@sitemeter.com,2017-04-02
857,anI14BEqV9,bdelaperrellens,cgailorns@gov.uk,2016-12-15
858,OPdL9NxRv5,oguthersonnt,fhalleybonent@intel.com,2016-12-13
859,1f74M2dPy,jjenckennu,wplaschkenu@npr.org,2017-01-29
860,8BQ4yRc3l1s,wnettinv,rgrindallnv@imgur.com,2017-05-10
861,ocBijlG0dsI,fbolsteridgenw,ahaccletonnw@friendfeed.com,2017-09-27
862,42p5b7,csabeynx,lfeltoenx@scientificamerican.com,2017-09-20
863,3F2kaf,nbentonny,cwalkeyny@blinklist.com,2017-08-03
864,PYZVCvyN4UGj,ijeandonnz,mshureynz@seesaa.net,2017-01-25
865,vNOtlb,dkayzero0,vtingleo0@reddit.com,2017-01-09
866,vv8Rwm,wstewartsono1,jbareo1@ucla.edu,2017-05-05
867,WzNqspa0G8,jveregano2,gfenemoreo2@nydailynews.com,2017-11-15
868,mchDciRncKcv,csnazelo3,camosso3@jiathis.com,2017-09-02
869,DZzuH2oSkJBU,agiraudouxo4,dkitchersideo4@soup.io,2017-07-13
870,aVp0a9ZDB,barendso5,sgianulloo5@princeton.edu,2016-12-24
871,OwilnrhzC,sewano6,tbenedicko6@w3.org,2017-06-09
872,VLly9omsfX5,mfloberto7,tbartoszeko7@twitter.com,2017-07-12
873,XvqEkS,mniseo8,iisoldio8@howstuffworks.com,2017-08-13
874,bt3TJt1,lgarrowo9,lbassilo9@wikia.com,2017-08-29
875,byAPaJcyk,mmateioa,kcarlucciooa@weibo.com,2017-09-11
876,0wLou1,lrosbottomob,lbooneob@etsy.com,2017-02-14
877,X5xFtf,sdecruzeoc,mcassedyoc@ovh.net,2016-12-14
878,U5Cccnqmy,cscyoneod,gridewoodod@globo.com,2017-10-28
879,2i8DatdErLE,abrouardoe,canfossooe@answers.com,2017-01-14
880,x61gBb,mdootsonof,fmaroneyof@google.com.br,2017-08-10
881,WFlUwolj,ndenyukinog,nolliverog@ehow.com,2017-10-25
882,xav24m,cgosenelloh,clorrawayoh@si.edu,2017-09-25
883,ZXmHgrfbx,sabramskyoi,jbleasdilleoi@reuters.com,2017-08-26
884,BYPKXsKzkN,skochlinoj,gbarringeroj@opensource.org,2017-10-13
885,KrtU6DUg9,jshaleok,mduceok@baidu.com,2017-04-30
886,fBinpt,sabaziol,lcarrierol@goo.ne.jp,2017-09-15
887,MlP5A7eP2w,mbarabichom,hborgarsom@arizona.edu,2017-08-29
888,MjpEbiBZpJd,lgageson,edebullionon@adobe.com,2017-01-17
889,olnAMnDR,gmeersoo,rbrydonoo@seattletimes.com,2017-04-01
890,dONJ8E5CxaH1,yjeffersonop,fcogdonop@msn.com,2017-08-21
891,Dcak2nV,ksouthworthoq,dquennelloq@forbes.com,2017-10-04
892,9UmgSzJSL,cgreepor,ekubiczekor@ebay.co.uk,2016-12-23
893,wHskE9ATA2v,tarndtsenos,kaumerleos@blogs.com,2017-09-26
894,eEvaXGkZpEpe,rcolebrookot,bchessorot@lulu.com,2017-09-11
895,evYy8pRnUB,pmcrillou,fcarnalanou@arstechnica.com,2017-06-20
896,fWDcy2N4,amatherov,bwillarsov@intel.com,2017-06-18
897,3IcS3GxG1uFq,ichaudhryow,depdellow@ow.ly,2017-02-09
898,Tu7SBnqaQXJ,tkisbeeox,mivanox@wisc.edu,2017-03-15
899,aRtcWikL,mbrasheroy,dgobleoy@apache.org,2017-01-12
900,FVq2Tz3esNq,omaingotoz,kjerzykiewiczoz@lycos.com,2017-04-06
901,V2RB0jr,conginp0,rricciardop0@cdc.gov,2017-10-16
902,qasSwnspm,vjiggensp1,dfirebracep1@rakuten.co.jp,2017-08-14
903,HlFWFaeLv,adampierp2,hthreadgillp2@hud.gov,2017-04-18
904,GBjL2J,lgainsfordp3,cmcgawp3@kickstarter.com,2017-08-23
905,yEaSiID3,mmckirdyp4,kmctrustramp4@smugmug.com,2017-08-17
906,hOvLqys,stinmouthp5,jbortoluttip5@vkontakte.ru,2016-12-05
907,9mUJWmXOA,kbutterworthp6,pcardusp6@google.nl,2016-12-03
908,Qi5OQC6LZK,dallcroftp7,kbonnierp7@telegraph.co.uk,2017-07-08
909,znvpCfB3T,swoolfordp8,llindnerp8@epa.gov,2017-11-07
910,Jq3Fe5sLPa,hstoylesp9,eedgesonp9@eepurl.com,2017-04-08
911,KkmA1PSd,bnasebypa,cgulstonpa@digg.com,2017-01-15
912,WGkZ5ZT5LV4,cciccottipb,vhappelpb@oaic.gov.au,2017-09-11
913,crIvXdb4Mykl,skelleypc,aroddampc@google.fr,2017-07-13
914,GzwhBdT,ratleypd,fchmielpd@ning.com,2016-12-09
915,ZHkvHk,spadillope,mbibbiepe@g.co,2017-02-13
916,7znJ3MkS,jheffordepf,geliazpf@army.mil,2016-12-02
917,VIDrmf,dsuffpg,fflipekpg@imgur.com,2017-05-11
918,VelixYOnG,isaxonph,nstychph@shinystat.com,2017-05-02
919,aiBBnTAwTWnd,vcurrerpi,aboyenpi@csmonitor.com,2017-08-30
920,q8EqR8,aswainstonpj,ghubypj@comsenz.com,2017-08-12
921,mZ0lquVAWm2,mtailbypk,bpettengellpk@netvibes.com,2017-04-15
922,HyXsXeRR,dtristrampl,bsallisspl@cdc.gov,2017-05-16
923,ey1YDs,bfengepm,bmaciejapm@theglobeandmail.com,2016-12-07
924,GUtDu0cuBm,brougepn,chatherleypn@yelp.com,2017-08-30
925,ODoSqomu3OaK,csherlockpo,jkoppenspo@nymag.com,2017-09-15
926,jCzsIlzHFNj9,snaptonpp,squinnpp@dailymotion.com,2016-12-16
927,4CYktfVXK,tgudahypq,dgingedalepq@bandcamp.com,2017-08-23
928,GqrILmaWRny3,cpiburnpr,cglynnpr@qq.com,2017-09-24
929,zu8pRKwFN,rvatinips,zbateupps@addthis.com,2017-05-18
930,FAKXsBxB2,cassadpt,cnortunenpt@nih.gov,2017-04-14
931,BJ4LxlD8,creochpu,bgillumpu@meetup.com,2017-01-06
932,OdGKEUr,cwaterworthpv,ehearleypv@prweb.com,2017-09-11
933,GA6AXY,bdericotpw,bducroepw@usgs.gov,2017-01-21
934,S4Pr7DlcIS,tbuttrisspx,bbattanypx@a8.net,2017-10-11
935,OgXtOdaC,speglerpy,nhabershawpy@mozilla.com,2017-04-19
936,XCeMA5Z,lkarpenyapz,lvazpz@wix.com,2017-04-07
937,uIZLmx,ldaylyq0,zbayldonq0@oracle.com,2017-07-06
938,dvaaZRZTHp,zraouxq1,kdomoneq1@mapquest.com,2017-02-04
939,a4mEGX8qPPES,landreiq2,tcuretonq2@gravatar.com,2017-02-26
940,kGGik4Zh,arosternq3,pcellaq3@opensource.org,2017-08-16
941,8mmIlg,ncrierq4,kisoldiq4@cafepress.com,2017-10-29
942,Mz34MgYP59l,sjohanchonq5,ttullettq5@nih.gov,2017-10-17
943,H7aEL32F,ahabornq6,qkarolowskiq6@pagesperso-orange.fr,2017-03-07
944,0Q6WuAfEA9,gpoznanq7,slaffranconiq7@apple.com,2017-10-19
945,crRY6v,rgrishaginq8,shayballq8@apple.com,2017-05-05
946,KUZ3GKzyQ,fjarrardq9,tseilerq9@bravesites.com,2017-03-04
947,PwG1VHbg,lspencelayhqa,kwalbrunqa@nbcnews.com,2017-01-14
948,FN8jwr2SwCfB,echetwyndqb,cjodlkowskiqb@accuweather.com,2017-06-21
949,dMXNTjiegAk,ysavinqc,vbastenqc@g.co,2017-09-18
950,lJkZXvCNCeo,mpatemanqd,maldayqd@ask.com,2017-08-07
951,NvIwmCBAH2Z,lflamankqe,glistqe@ucoz.com,2017-09-27
952,bNgutphBHd,tgrossmanqf,cdelapqf@google.it,2016-12-05
953,VMmJIvXD0z,amacgraghqg,lhickissonqg@miitbeian.gov.cn,2017-01-16
954,BE5glopdh2,rgiffonqh,zperilloqh@va.gov,2017-01-08
955,geB495QPGCQ,gstelliqi,ocranneyqi@oaic.gov.au,2017-03-10
956,aO8KnnzQN,lmagnusqj,darmalqj@independent.co.uk,2017-10-20
957,yzY9bG0FyV5,avenartqk,rhewellqk@yahoo.co.jp,2017-06-27
958,AZCXFT6DmW,jautyql,spantlinql@cyberchimps.com,2016-12-22
959,eK0C0b,fbethamqm,goubridgeqm@imgur.com,2017-08-27
960,9TGJgMHid5z,kamyqn,lbroadwayqn@gnu.org,2017-08-30
961,UuGYIaD1,nbreazeallqo,elathwellqo@theglobeandmail.com,2017-09-08
962,4aiaqHd5W,cwykeqp,mbouskillqp@people.com.cn,2017-09-03
963,UnW5cE,dbartramqq,jgerardiqq@skype.com,2017-11-24
964,M2RrnUe,lvermanqr,kcroceqr@merriam-webster.com,2017-04-21
965,MmVTX7XB,nfarrimondqs,lpencostqs@gov.uk,2017-06-21
966,oupNK33G,aloudyanqt,kotridgeqt@rambler.ru,2017-09-20
967,pG2TjE,gsymcoxqu,ldelafontqu@princeton.edu,2017-03-11
968,f67YTt,glawmanqv,cdalwoodqv@telegraph.co.uk,2017-10-02
969,bT33tMSu,sswafieldqw,rrahlqw@tuttocitta.it,2017-06-27
970,onoW6J,cmaddiganqx,drawlenceqx@imgur.com,2017-06-20
971,R5IzCL,grichingsqy,bangeliqy@admin.ch,2017-08-25
972,3oLjWfwGpPES,fobinqz,jgreenrdeqz@google.nl,2017-07-20
973,vY8LkuBG4,ymildnerr0,asansr0@princeton.edu,2017-07-13
974,A3UUNHjpB,icockshuttr1,smatissoffr1@mail.ru,2017-05-21
975,hzcEGCz9w,dmcginleyr2,mprandir2@tripod.com,2017-05-25
976,bT85aKkq,spercher3,dsmalemanr3@deviantart.com,2017-09-06
977,uRBzHlQ,sclaworthr4,dmcnuttr4@nifty.com,2017-03-14
978,dlduShW,lcrushamr5,qarnoldr5@cocolog-nifty.com,2017-07-26
979,hEFFUfVCEimB,lshottonr6,rmumbrayr6@technorati.com,2017-10-04
980,rAc0gs,apolr7,cmoreyr7@apple.com,2017-07-15
981,oqpHYF,aratnager8,gbirkmyrer8@kickstarter.com,2017-03-06
982,nglR2T7,ewhenmanr9,bruddimanr9@cafepress.com,2017-02-16
983,4glgUpi,deitera,bsloamra@wikimedia.org,2017-08-15
984,k5ob2xuCkYv,iwindrassrb,mrillstonerb@spiegel.de,2017-09-07
985,DMwiBN5,mbrittorc,lhydechambersrc@google.nl,2017-02-06
986,i3ukWXqWNm55,frankinerd,ocowillrd@arizona.edu,2016-12-10
987,Q949JrW,ejervisre,ebrounfieldre@xing.com,2017-06-20
988,uldb2p,dmewerf,xgrishakovrf@msn.com,2017-03-20
989,1Jd54go8,alangabeerrg,npadularg@furl.net,2017-02-09
990,WeurGbH5op,jmontelrh,ogooddingrh@prweb.com,2017-09-16
991,RtXbD7VOyMa,etrowsdallri,nconsidineri@aboutads.info,2017-09-23
992,Y2RsX9TDS,fparkenrj,kcoanrj@hud.gov,2017-06-16
993,FeneB8X,agammaderk,emcdougalrk@issuu.com,2017-11-18
994,mS6PA2Xfk2,ecrandonrl,ayaknovrl@addtoany.com,2017-01-05
995,WCjdaO0dWFy8,ltuleyrm,bmicheaurm@arstechnica.com,2017-05-13
996,pOb9dq7CWo,aprattinrn,ltooheyrn@mlb.com,2017-02-22
997,wfZPbNK,vclifforthro,bfordero@wufoo.com,2017-01-08
998,0Soy1sG,elockierp,hchamberlaynerp@wikia.com,2017-10-14
999,iJfCeDIZ,wbeadmanrq,ecornelyrq@google.co.jp,2017-04-21
1000,DHepicP,owehnerrrr,acottierrr@soup.io,2017-11-11
